{
    "meetingCalendar": [
        {
            "date": "April 8, 2019",
            "meetings": [
                {
                    "name": "International Mobile Internet Passport",
                    "type": "Business Unit B2B",
                    "from": "8:30 AM",
                    "to": "9:30 AM"
                },
                {
                    "name": "Home - Fiber Mini package",
                    "type": "Business Unit B2C",
                    "from": "9:30 AM",
                    "to": "10:30 AM"
                }
            ]
        },
        {
            "date": "April 2, 2019",
            "meetings": [
                {
                    "name": "Ooredoo TV - New Kids Smart package",
                    "type": "Business Unit OGC",
                    "from": "10:30 AM",
                    "to": "11:00 AM"
                }
            ]
        }
    ]
}