{
    "actionsNeeded": [
        {
            "referenceNumber": "001-2019-04-09-0001",
            "name": "International Mobile Internet Passport",
            "status": "Submitted",
            "date": "April 8"
        },
        {
            "referenceNumber": "001-2019-04-09-0002",
            "name": "Home - Fiber Mini package",
            "status": "Feedback after QMC review",
            "date": "April 7"
        },
        {
            "referenceNumber": "001-2019-04-09-0003",
            "name": "Ooredoo TV - New Kids Smart package",
            "status": "Submitted",
            "date": "April 6"
        },
        {
            "referenceNumber": "001-2019-04-09-00013",
            "name": "Hala Sri Lanka Dialog Key proposal to pc",
            "status": "Feedback after QMC review",
            "date": "April 4"
        }
    ]
}