{
    "lookupsManagement": [
        {
            "id": "001-2019-04-09-0001",
            "priorityCode": "Priority Code",
            "name": "Hala Sri lAnka Dialog Key proposal to pc",
            "orderNumber": 1,
            "status": "Inactive"
        },
        {
            "id": "001-2019-04-09-0001",
            "priorityCode": "Priority Code",
            "name": "Hala Sri lAnka Dialog Key proposal to pc",
            "orderNumber": 2,
            "status": "Inactive"
        },
        {
            "id": "001-2019-04-09-0001",
            "priorityCode": "Priority Code",
            "name": "Hala Sri lAnka Dialog Key proposal to pc",
            "orderNumber": 3,
            "status": "Inactive"
        },
        {
            "id": "001-2019-04-09-0001",
            "priorityCode": "Priority Code",
            "name": "Hala Sri lAnka Dialog Key proposal to pc",
            "orderNumber": 4,
            "status": "Inactive"
        },
        {
            "id": "001-2019-04-09-0001",
            "priorityCode": "Priority Code",
            "name": "Hala Sri lAnka Dialog Key proposal to pc",
            "orderNumber": 5,
            "status": "Inactive"
        },
        {
            "id": "001-2019-04-09-0001",
            "priorityCode": "Priority Code",
            "name": "Hala Sri lAnka Dialog Key proposal to pc",
            "orderNumber": 6,
            "status": "Inactive"
        }
    ]
}