{
    "myInbox": [
        {
            "id": "001-2019-04-09-0001",
            "title": "Ooredoo TV - New Kids Smart package",
            "stage": "Finance Review",
            "process": "Pricing Process",
            "status": "Submitted",
            "date": "Jan 6, 2019"
        },
        {
            "id": "001-2019-04-09-0001",
            "title": "Ooredoo TV - New Kids Smart package",
            "stage": "Finance Review",
            "process": "Pricing Process",
            "status": "Submitted",
            "date": "Jan 6, 2019"
        },
        {
            "id": "001-2019-04-09-0001",
            "title": "Ooredoo TV - New Kids Smart package",
            "stage": "Finance Review",
            "process": "Pricing Process",
            "status": "Submitted",
            "date": "Jan 6, 2019"
        },
        {
            "id": "001-2019-04-09-0001",
            "title": "Ooredoo TV - New Kids Smart package",
            "stage": "Finance Review",
            "process": "Pricing Process",
            "status": "Submitted",
            "date": "Jan 6, 2019"
        },
        {
            "id": "001-2019-04-09-0001",
            "title": "Ooredoo TV - New Kids Smart package",
            "stage": "Finance Review",
            "process": "Pricing Process",
            "status": "Submitted",
            "date": "Jan 6, 2019"
        },
        {
            "id": "001-2019-04-09-0001",
            "title": "Ooredoo TV - New Kids Smart package",
            "stage": "Finance Review",
            "process": "Pricing Process",
            "status": "Submitted",
            "date": "Jan 6, 2019"
        },
        {
            "id": "001-2019-04-09-0001",
            "title": "Ooredoo TV - New Kids Smart package",
            "stage": "Finance Review",
            "process": "Pricing Process",
            "status": "Submitted",
            "date": "Jan 6, 2019"
        }
    ]
}