{
    "roleManagement": [
        {
            "id": "001-2019-04-09-0001",
            "priorityCode": "Priority Code",
            "name": "Hala Sri lAnka Dialog Key proposal to pc",
            "orderNumber": 12,
            "status": "Inactive"
        },
        {
            "id": "001-2019-04-09-0001",
            "priorityCode": "Priority Code",
            "name": "Hala Sri lAnka Dialog Key proposal to pc",
            "orderNumber": 12,
            "status": "Inactive"
        },
        {
            "id": "001-2019-04-09-0001",
            "priorityCode": "Priority Code",
            "name": "Hala Sri lAnka Dialog Key proposal to pc",
            "orderNumber": 12,
            "status": "Inactive"
        },
        {
            "id": "001-2019-04-09-0001",
            "priorityCode": "Priority Code",
            "name": "Hala Sri lAnka Dialog Key proposal to pc",
            "orderNumber": 12,
            "status": "Inactive"
        },
        {
            "id": "001-2019-04-09-0001",
            "priorityCode": "Priority Code",
            "name": "Hala Sri lAnka Dialog Key proposal to pc",
            "orderNumber": 12,
            "status": "Inactive"
        },
        {
            "id": "001-2019-04-09-0001",
            "priorityCode": "Priority Code",
            "name": "Hala Sri lAnka Dialog Key proposal to pc",
            "orderNumber": 12,
            "status": "Inactive"
        }
    ]
}